plot_id,species_id,sex,weight,date,plot_type
1,DM,M,27,1/27/1996,Spectab exclosure
2,DM,F,47,1/27/1996,Control
1,DM,M,27,1/27/1996,Spectab exclosure
17,DM,F,49,1/27/1996,Control
1,PB,F,38,1/27/1996,Spectab exclosure
12,DM,F,51,1/27/1996,Control
22,DM,F,43,1/27/1996,Control
12,DM,F,44,1/27/1996,Control
2,DM,F,45,1/27/1996,Control
17,DM,M,42,1/27/1996,Control
1,DO,M,42,1/27/1996,Spectab exclosure
2,DO,M,54,1/27/1996,Control
2,DM,M,49,1/27/1996,Control
12,DM,M,56,1/27/1996,Control
21,PM,F,31,1/27/1996,Long-term Krat Exclosure
2,PE,M,25,1/27/1996,Control
12,DM,M,47,1/27/1996,Control
20,PF,M,9,1/27/1996,Short-term Krat Exclosure
1,OT,M,25,1/27/1996,Spectab exclosure
3,DO,M,64,1/28/1996,Long-term Krat Exclosure
4,PF,M,9,1/28/1996,Control
11,DO,F,52,1/28/1996,Control
13,PP,M,17,1/28/1996,Short-term Krat Exclosure
15,DM,F,37,1/28/1996,Long-term Krat Exclosure
13,PF,F,7,1/28/1996,Short-term Krat Exclosure
14,DM,M,53,1/28/1996,Control
8,DO,M,60,1/28/1996,Control
14,DM,F,50,1/28/1996,Control
9,PF,F,8,1/28/1996,Spectab exclosure
3,PP,F,18,1/28/1996,Long-term Krat Exclosure
3,PF,F,9,1/28/1996,Long-term Krat Exclosure
4,DM,F,52,1/28/1996,Control
8,DM,M,37,1/28/1996,Control
4,DM,M,36,1/28/1996,Control
11,RM,M,12,1/28/1996,Control
9,DM,F,29,1/28/1996,Spectab exclosure
4,DM,F,62,1/28/1996,Control
8,DO,M,55,1/28/1996,Control
8,DO,F,51,1/28/1996,Control
9,DM,M,45,1/28/1996,Spectab exclosure
5,PP,M,15,1/28/1996,Rodent Exclosure
14,DM,M,53,1/28/1996,Control
6,PF,F,7,1/28/1996,Short-term Krat Exclosure
8,DM,F,51,1/28/1996,Control
5,DO,F,34,1/28/1996,Rodent Exclosure
14,PF,F,11,1/28/1996,Control
9,DM,M,43,1/28/1996,Spectab exclosure
2,DM,F,55,2/24/1996,Control
12,DM,F,45,2/24/1996,Control
21,PF,M,10,2/24/1996,Long-term Krat Exclosure
12,DM,M,58,2/24/1996,Control
1,DM,M,37,2/24/1996,Spectab exclosure
21,PP,F,16,2/24/1996,Long-term Krat Exclosure
12,DM,F,49,2/24/1996,Control
2,DM,F,49,2/24/1996,Control
1,PB,F,42,2/24/1996,Spectab exclosure
2,DM,M,55,2/24/1996,Control
2,PM,M,16,2/24/1996,Control
1,PB,F,31,2/24/1996,Spectab exclosure
17,DM,M,45,2/24/1996,Control
12,PF,F,7,2/24/1996,Control
12,DM,F,40,2/24/1996,Control
17,DM,M,52,2/24/1996,Control
24,PM,M,21,2/24/1996,Rodent Exclosure
12,DM,M,51,2/24/1996,Control
19,PP,M,20,2/24/1996,Long-term Krat Exclosure
7,PM,F,24,2/24/1996,Rodent Exclosure
1,OT,M,26,2/24/1996,Spectab exclosure
2,PE,F,19,2/24/1996,Control
12,DM,F,46,2/24/1996,Control
12,DM,M,53,2/24/1996,Control
3,PP,F,18,2/25/1996,Long-term Krat Exclosure
3,PE,F,18,2/25/1996,Long-term Krat Exclosure
11,DO,F,54,2/25/1996,Control
11,PP,M,24,2/25/1996,Control
8,PF,F,8,2/25/1996,Control
4,DM,M,51,2/25/1996,Control
13,PM,M,23,2/25/1996,Short-term Krat Exclosure
6,PF,F,8,2/25/1996,Short-term Krat Exclosure
14,DM,M,51,2/25/1996,Control
3,PP,M,16,2/25/1996,Long-term Krat Exclosure
15,PF,M,11,2/25/1996,Long-term Krat Exclosure
13,PF,M,8,2/25/1996,Short-term Krat Exclosure
13,PF,F,8,2/25/1996,Short-term Krat Exclosure
16,DM,M,32,2/25/1996,Rodent Exclosure
13,PF,M,10,2/25/1996,Short-term Krat Exclosure
5,PF,F,7,2/25/1996,Rodent Exclosure
9,DM,F,47,2/25/1996,Spectab exclosure
15,DM,M,50,2/25/1996,Long-term Krat Exclosure
5,PF,F,8,2/25/1996,Rodent Exclosure
15,DM,F,47,2/25/1996,Long-term Krat Exclosure
5,DM,F,55,2/25/1996,Rodent Exclosure
15,PF,F,10,2/25/1996,Long-term Krat Exclosure
5,OT,F,28,2/25/1996,Rodent Exclosure
16,DO,F,38,2/25/1996,Rodent Exclosure
2,DM,F,41,3/23/1996,Control
23,RM,M,10,3/23/1996,Rodent Exclosure
2,PE,M,21,3/23/1996,Control
1,PF,M,8,3/23/1996,Spectab exclosure
20,PF,F,9,3/23/1996,Short-term Krat Exclosure
24,RM,F,13,3/23/1996,Rodent Exclosure
12,PM,M,17,3/23/1996,Control
20,PE,M,22,3/23/1996,Short-term Krat Exclosure
12,DO,M,51,3/23/1996,Control
7,RM,F,12,3/23/1996,Rodent Exclosure
7,PP,F,17,3/23/1996,Rodent Exclosure
17,DM,M,45,3/23/1996,Control
2,PE,F,18,3/23/1996,Control
1,DM,M,58,3/23/1996,Spectab exclosure
2,DM,M,44,3/23/1996,Control
7,PP,M,21,3/23/1996,Rodent Exclosure
18,PF,M,7,3/23/1996,Short-term Krat Exclosure
1,DO,M,37,3/23/1996,Spectab exclosure
2,DM,M,48,3/23/1996,Control
12,DM,M,49,3/23/1996,Control
17,OT,F,31,3/23/1996,Control
17,PF,M,8,3/23/1996,Control
12,DM,M,36,3/23/1996,Control
17,DM,F,42,3/23/1996,Control
18,PF,F,10,3/23/1996,Short-term Krat Exclosure
2,RM,M,11,3/23/1996,Control
18,RM,M,11,3/23/1996,Short-term Krat Exclosure
21,RM,F,12,3/23/1996,Long-term Krat Exclosure
16,DM,M,42,3/24/1996,Rodent Exclosure
13,PF,M,9,3/24/1996,Short-term Krat Exclosure
14,DM,M,49,3/24/1996,Control
8,PP,M,21,3/24/1996,Control
3,PF,F,8,3/24/1996,Long-term Krat Exclosure
8,PP,F,16,3/24/1996,Control
13,PM,F,20,3/24/1996,Short-term Krat Exclosure
3,PP,M,18,3/24/1996,Long-term Krat Exclosure
11,PM,F,14,3/24/1996,Control
11,DO,M,43,3/24/1996,Control
3,PP,F,15,3/24/1996,Long-term Krat Exclosure
15,DM,M,48,3/24/1996,Long-term Krat Exclosure
14,PP,F,18,3/24/1996,Control
5,DO,F,49,3/24/1996,Rodent Exclosure
10,RM,M,10,3/24/1996,Rodent Exclosure
13,DM,F,39,3/24/1996,Short-term Krat Exclosure
14,PP,M,22,3/24/1996,Control
2,DM,F,47,4/14/1996,Control
19,PF,F,9,4/14/1996,Long-term Krat Exclosure
22,PF,F,8,4/14/1996,Control
17,DM,M,40,4/14/1996,Control
1,PF,M,8,4/14/1996,Spectab exclosure
24,PM,M,18,4/14/1996,Rodent Exclosure
18,PF,F,9,4/14/1996,Short-term Krat Exclosure
17,DM,M,39,4/14/1996,Control
21,PP,F,20,4/14/1996,Long-term Krat Exclosure
19,PF,M,8,4/14/1996,Long-term Krat Exclosure
20,RM,M,11,4/14/1996,Short-term Krat Exclosure
17,DM,M,49,4/14/1996,Control
22,PF,F,7,4/14/1996,Control
2,DM,M,56,4/14/1996,Control
18,PF,M,7,4/14/1996,Short-term Krat Exclosure
17,PF,M,9,4/14/1996,Control
18,PP,M,23,4/14/1996,Short-term Krat Exclosure
18,PF,M,8,4/14/1996,Short-term Krat Exclosure
12,OL,M,27,4/14/1996,Control
19,PP,M,18,4/14/1996,Long-term Krat Exclosure
23,RM,M,13,4/14/1996,Rodent Exclosure
1,DO,M,38,4/14/1996,Spectab exclosure
1,DO,M,37,4/14/1996,Spectab exclosure
19,PF,M,9,4/14/1996,Long-term Krat Exclosure
20,PP,F,25,4/14/1996,Short-term Krat Exclosure
1,PF,F,7,4/14/1996,Spectab exclosure
2,PE,F,22,4/14/1996,Control
24,PE,M,20,4/14/1996,Rodent Exclosure
13,PM,M,21,4/15/1996,Short-term Krat Exclosure
3,PP,M,20,4/15/1996,Long-term Krat Exclosure
8,PF,M,8,4/15/1996,Control
3,PP,M,25,4/15/1996,Long-term Krat Exclosure
4,DM,F,49,4/15/1996,Control
3,DO,F,41,4/15/1996,Long-term Krat Exclosure
11,DO,F,22,4/15/1996,Control
13,PM,F,22,4/15/1996,Short-term Krat Exclosure
3,DO,F,46,4/15/1996,Long-term Krat Exclosure
11,DO,F,49,4/15/1996,Control
3,DO,M,50,4/15/1996,Long-term Krat Exclosure
14,DM,M,50,4/15/1996,Control
3,RM,M,11,4/15/1996,Long-term Krat Exclosure
4,PF,M,11,4/15/1996,Control
13,PF,F,8,4/15/1996,Short-term Krat Exclosure
15,PF,F,12,4/15/1996,Long-term Krat Exclosure
11,PM,M,17,4/15/1996,Control
8,DO,M,30,4/15/1996,Control
13,PM,F,13,4/15/1996,Short-term Krat Exclosure
4,PP,F,11,4/15/1996,Control
8,PP,F,19,4/15/1996,Control
3,PF,M,8,4/15/1996,Long-term Krat Exclosure
15,DM,M,35,4/15/1996,Long-term Krat Exclosure
11,DM,M,51,4/15/1996,Control
3,PP,M,42,4/15/1996,Long-term Krat Exclosure
6,OL,M,27,4/15/1996,Short-term Krat Exclosure
3,OL,F,23,4/15/1996,Long-term Krat Exclosure
3,PF,M,8,4/15/1996,Long-term Krat Exclosure
9,DM,M,39,4/15/1996,Spectab exclosure
14,DM,F,46,4/15/1996,Control
15,PF,M,12,4/15/1996,Long-term Krat Exclosure
11,RM,F,11,4/15/1996,Control
9,DM,M,48,4/15/1996,Spectab exclosure
4,DM,M,47,4/15/1996,Control
8,PP,M,22,4/15/1996,Control
14,DM,M,36,4/15/1996,Control
15,PF,M,10,4/15/1996,Long-term Krat Exclosure
8,DM,M,49,4/15/1996,Control
4,DM,M,38,4/15/1996,Control
9,PF,M,9,4/15/1996,Spectab exclosure
5,PF,M,8,4/15/1996,Rodent Exclosure
11,DO,M,53,4/15/1996,Control
3,PP,F,16,4/15/1996,Long-term Krat Exclosure
11,DM,M,53,4/15/1996,Control
16,RM,M,10,4/15/1996,Rodent Exclosure
15,PF,F,9,4/15/1996,Long-term Krat Exclosure
8,PP,F,16,4/15/1996,Control
21,PF,M,10,5/23/1996,Long-term Krat Exclosure
12,DO,F,34,5/23/1996,Control
21,PP,M,7,5/23/1996,Long-term Krat Exclosure
22,PF,M,8,5/23/1996,Control
22,PP,F,18,5/23/1996,Control
21,PP,M,18,5/23/1996,Long-term Krat Exclosure
18,PF,M,8,5/23/1996,Short-term Krat Exclosure
12,DM,M,46,5/23/1996,Control
1,DO,F,45,5/23/1996,Spectab exclosure
21,PP,M,11,5/23/1996,Long-term Krat Exclosure
12,NL,M,118,5/23/1996,Control
2,DM,M,41,5/23/1996,Control
21,PP,M,12,5/23/1996,Long-term Krat Exclosure
18,PP,M,21,5/23/1996,Short-term Krat Exclosure
2,DM,F,49,5/23/1996,Control
2,PF,M,8,5/23/1996,Control
12,DM,M,53,5/23/1996,Control
1,DO,M,46,5/23/1996,Spectab exclosure
20,PP,F,19,5/23/1996,Short-term Krat Exclosure
22,DM,F,20,5/23/1996,Control
12,DM,M,27,5/23/1996,Control
7,PP,M,18,5/23/1996,Rodent Exclosure
18,PP,M,20,5/23/1996,Short-term Krat Exclosure
3,PP,M,20,5/24/1996,Long-term Krat Exclosure
3,DO,F,35,5/24/1996,Long-term Krat Exclosure
8,PP,F,19,5/24/1996,Control
8,DO,F,47,5/24/1996,Control
13,OT,M,26,5/24/1996,Short-term Krat Exclosure
15,DM,M,42,5/24/1996,Long-term Krat Exclosure
5,PF,M,9,5/24/1996,Rodent Exclosure
3,PP,M,20,5/24/1996,Long-term Krat Exclosure
15,PF,F,11,5/24/1996,Long-term Krat Exclosure
15,PF,F,8,5/24/1996,Long-term Krat Exclosure
6,DO,M,47,5/24/1996,Short-term Krat Exclosure
4,DM,M,47,5/24/1996,Control
15,PF,F,9,5/24/1996,Long-term Krat Exclosure
6,DO,M,31,5/24/1996,Short-term Krat Exclosure
13,PF,F,9,5/24/1996,Short-term Krat Exclosure
6,PF,M,9,5/24/1996,Short-term Krat Exclosure
8,PP,F,18,5/24/1996,Control
15,PP,M,21,5/24/1996,Long-term Krat Exclosure
10,RM,M,12,5/24/1996,Rodent Exclosure
15,PP,M,20,5/24/1996,Long-term Krat Exclosure
14,DM,F,49,5/24/1996,Control
3,DO,M,44,5/24/1996,Long-term Krat Exclosure
14,DM,F,61,5/24/1996,Control
18,PF,F,10,6/13/1996,Short-term Krat Exclosure
2,DM,M,53,6/13/1996,Control
21,PP,F,18,6/13/1996,Long-term Krat Exclosure
21,PP,M,18,6/13/1996,Long-term Krat Exclosure
1,DO,F,49,6/13/1996,Spectab exclosure
7,PP,F,18,6/13/1996,Rodent Exclosure
12,DO,F,43,6/13/1996,Control
1,PP,M,16,6/13/1996,Spectab exclosure
12,DM,M,51,6/13/1996,Control
2,PP,F,17,6/13/1996,Control
19,PF,M,9,6/13/1996,Long-term Krat Exclosure
1,PF,M,6,6/13/1996,Spectab exclosure
17,DM,M,49,6/13/1996,Control
21,PF,F,9,6/13/1996,Long-term Krat Exclosure
23,RM,M,11,6/13/1996,Rodent Exclosure
19,PP,M,12,6/13/1996,Long-term Krat Exclosure
17,DM,M,22,6/13/1996,Control
17,DM,F,51,6/13/1996,Control
12,PM,M,20,6/13/1996,Control
19,PF,M,10,6/13/1996,Long-term Krat Exclosure
18,PF,F,10,6/13/1996,Short-term Krat Exclosure
13,PP,M,19,6/14/1996,Short-term Krat Exclosure
3,PP,M,19,6/14/1996,Long-term Krat Exclosure
9,PF,M,8,6/14/1996,Spectab exclosure
3,DO,F,49,6/14/1996,Long-term Krat Exclosure
8,PP,F,18,6/14/1996,Control
9,DM,F,40,6/14/1996,Spectab exclosure
15,PF,F,10,6/14/1996,Long-term Krat Exclosure
4,DM,M,47,6/14/1996,Control
4,PF,M,5,6/14/1996,Control
9,DM,M,49,6/14/1996,Spectab exclosure
3,PF,M,7,6/14/1996,Long-term Krat Exclosure
4,PF,M,10,6/14/1996,Control
3,PE,F,23,6/14/1996,Long-term Krat Exclosure
8,DO,M,47,6/14/1996,Control
14,PP,F,15,6/14/1996,Control
15,PP,F,19,6/14/1996,Long-term Krat Exclosure
6,DO,F,52,6/14/1996,Short-term Krat Exclosure
13,PF,M,9,6/14/1996,Short-term Krat Exclosure
14,DM,M,48,6/14/1996,Control
15,PF,F,10,6/14/1996,Long-term Krat Exclosure
13,PP,M,13,6/14/1996,Short-term Krat Exclosure
15,OT,M,26,6/14/1996,Long-term Krat Exclosure
15,OL,F,21,6/14/1996,Long-term Krat Exclosure
19,PP,M,18,7/20/1996,Long-term Krat Exclosure
18,PF,M,9,7/20/1996,Short-term Krat Exclosure
21,PP,F,19,7/20/1996,Long-term Krat Exclosure
1,PP,F,16,7/20/1996,Spectab exclosure
18,PP,M,19,7/20/1996,Short-term Krat Exclosure
20,PP,M,20,7/20/1996,Short-term Krat Exclosure
7,PP,F,17,7/20/1996,Rodent Exclosure
7,PP,M,21,7/20/1996,Rodent Exclosure
17,DM,M,49,7/20/1996,Control
17,OT,M,28,7/20/1996,Control
20,PF,M,10,7/20/1996,Short-term Krat Exclosure
1,DO,F,58,7/20/1996,Spectab exclosure
17,PP,M,20,7/20/1996,Control
2,PB,F,24,7/20/1996,Control
2,PP,M,12,7/20/1996,Control
18,PF,F,10,7/20/1996,Short-term Krat Exclosure
17,PF,F,7,7/20/1996,Control
21,PP,F,26,7/20/1996,Long-term Krat Exclosure
5,PF,M,6,7/21/1996,Rodent Exclosure
15,PF,M,10,7/21/1996,Long-term Krat Exclosure
3,DO,F,49,7/21/1996,Long-term Krat Exclosure
15,PP,F,23,7/21/1996,Long-term Krat Exclosure
11,PF,M,9,7/21/1996,Control
8,DO,M,52,7/21/1996,Control
9,OT,M,32,7/21/1996,Spectab exclosure
4,DM,M,47,7/21/1996,Control
6,DO,F,52,7/21/1996,Short-term Krat Exclosure
8,DO,M,51,7/21/1996,Control
14,DM,M,55,7/21/1996,Control
9,DM,M,45,7/21/1996,Spectab exclosure
15,PP,M,23,7/21/1996,Long-term Krat Exclosure
8,DO,M,54,7/21/1996,Control
13,DM,F,44,7/21/1996,Short-term Krat Exclosure
3,DO,F,53,7/21/1996,Long-term Krat Exclosure
3,PP,M,18,7/21/1996,Long-term Krat Exclosure
3,PP,M,19,7/21/1996,Long-term Krat Exclosure
22,DM,F,46,8/14/1996,Control
19,PB,F,23,8/14/1996,Long-term Krat Exclosure
12,DM,M,57,8/14/1996,Control
21,PP,F,20,8/14/1996,Long-term Krat Exclosure
17,DM,M,44,8/14/1996,Control
1,PP,M,19,8/14/1996,Spectab exclosure
19,PP,F,22,8/14/1996,Long-term Krat Exclosure
1,DO,M,23,8/14/1996,Spectab exclosure
1,PB,F,32,8/14/1996,Spectab exclosure
12,DM,M,44,8/14/1996,Control
2,PP,F,19,8/14/1996,Control
20,PP,F,18,8/14/1996,Short-term Krat Exclosure
7,PP,F,17,8/14/1996,Rodent Exclosure
19,PP,M,15,8/14/1996,Long-term Krat Exclosure
2,PP,M,15,8/14/1996,Control
12,PP,F,16,8/14/1996,Control
21,PP,F,21,8/14/1996,Long-term Krat Exclosure
3,PP,F,16,8/15/1996,Long-term Krat Exclosure
6,PP,M,15,8/15/1996,Short-term Krat Exclosure
3,DO,F,48,8/15/1996,Long-term Krat Exclosure
15,DM,M,41,8/15/1996,Long-term Krat Exclosure
9,DM,F,45,8/15/1996,Spectab exclosure
14,DM,F,48,8/15/1996,Control
8,DO,F,55,8/15/1996,Control
13,PP,M,18,8/15/1996,Short-term Krat Exclosure
3,PP,M,17,8/15/1996,Long-term Krat Exclosure
4,PP,M,12,8/15/1996,Control
6,OT,M,22,8/15/1996,Short-term Krat Exclosure
11,PP,F,11,8/15/1996,Control
5,OT,F,22,8/15/1996,Rodent Exclosure
3,PP,M,11,8/15/1996,Long-term Krat Exclosure
3,PP,F,17,8/15/1996,Long-term Krat Exclosure
9,DM,M,47,8/15/1996,Spectab exclosure
3,PP,M,17,8/15/1996,Long-term Krat Exclosure
8,PP,F,13,8/15/1996,Control
4,PF,M,10,8/15/1996,Control
13,PF,F,11,8/15/1996,Short-term Krat Exclosure
6,OT,F,21,8/15/1996,Short-term Krat Exclosure
17,DM,M,48,9/21/1996,Control
23,PP,M,22,9/21/1996,Rodent Exclosure
2,DM,F,26,9/21/1996,Control
20,OT,F,27,9/21/1996,Short-term Krat Exclosure
2,DM,F,42,9/21/1996,Control
20,PF,M,8,9/21/1996,Short-term Krat Exclosure
22,DM,F,54,9/21/1996,Control
1,PF,M,7,9/21/1996,Spectab exclosure
2,PP,F,20,9/21/1996,Control
17,OT,M,13,9/21/1996,Control
1,DO,M,41,9/21/1996,Spectab exclosure
12,DM,F,43,9/21/1996,Control
21,OT,M,15,9/21/1996,Long-term Krat Exclosure
22,DM,F,52,9/21/1996,Control
2,PB,F,24,9/21/1996,Control
17,DM,M,50,9/21/1996,Control
20,PB,M,25,9/21/1996,Short-term Krat Exclosure
12,OT,M,27,9/21/1996,Control
12,PF,F,8,9/21/1996,Control
22,OT,F,24,9/21/1996,Control
6,PP,F,15,9/22/1996,Short-term Krat Exclosure
3,PP,F,17,9/22/1996,Long-term Krat Exclosure
13,OT,F,16,9/22/1996,Short-term Krat Exclosure
4,DM,M,51,9/22/1996,Control
13,OT,F,18,9/22/1996,Short-term Krat Exclosure
3,PB,F,26,9/22/1996,Long-term Krat Exclosure
13,OT,M,14,9/22/1996,Short-term Krat Exclosure
15,PP,M,15,9/22/1996,Long-term Krat Exclosure
9,DO,M,50,9/22/1996,Spectab exclosure
5,PP,F,16,9/22/1996,Rodent Exclosure
3,PP,F,16,9/22/1996,Long-term Krat Exclosure
3,PP,F,18,9/22/1996,Long-term Krat Exclosure
11,DM,F,33,9/22/1996,Control
13,OT,M,21,9/22/1996,Short-term Krat Exclosure
3,PP,M,20,9/22/1996,Long-term Krat Exclosure
16,PM,M,19,9/22/1996,Rodent Exclosure
5,PF,M,8,9/22/1996,Rodent Exclosure
15,OT,M,16,9/22/1996,Long-term Krat Exclosure
8,OT,F,25,9/22/1996,Control
14,DM,F,53,9/22/1996,Control
11,PP,M,15,9/22/1996,Control
4,OT,F,28,9/22/1996,Control
1,OT,M,25,10/12/1996,Spectab exclosure
2,DM,M,45,10/12/1996,Control
12,DM,M,46,10/12/1996,Control
1,DM,F,27,10/12/1996,Spectab exclosure
2,DM,M,50,10/12/1996,Control
12,PP,M,16,10/12/1996,Control
2,DM,M,36,10/12/1996,Control
21,OT,M,20,10/12/1996,Long-term Krat Exclosure
12,PF,M,8,10/12/1996,Control
19,PB,M,26,10/12/1996,Long-term Krat Exclosure
18,PF,M,8,10/12/1996,Short-term Krat Exclosure
1,PP,M,18,10/12/1996,Spectab exclosure
1,DO,F,49,10/12/1996,Spectab exclosure
17,DM,M,48,10/12/1996,Control
1,DO,M,45,10/12/1996,Spectab exclosure
17,PF,M,8,10/12/1996,Control
21,PF,M,8,10/12/1996,Long-term Krat Exclosure
17,DM,F,45,10/12/1996,Control
2,PB,M,38,10/12/1996,Control
20,PF,F,7,10/12/1996,Short-term Krat Exclosure
6,OT,F,17,10/13/1996,Short-term Krat Exclosure
15,OT,M,21,10/13/1996,Long-term Krat Exclosure
3,DO,F,55,10/13/1996,Long-term Krat Exclosure
9,DO,M,49,10/13/1996,Spectab exclosure
8,DO,M,50,10/13/1996,Control
9,PF,M,7,10/13/1996,Spectab exclosure
14,DM,M,26,10/13/1996,Control
14,DM,M,24,10/13/1996,Control
6,PP,M,15,10/13/1996,Short-term Krat Exclosure
4,DM,F,41,10/13/1996,Control
6,PF,M,7,10/13/1996,Short-term Krat Exclosure
13,DM,F,43,10/13/1996,Short-term Krat Exclosure
6,PF,M,7,10/13/1996,Short-term Krat Exclosure
11,DO,F,54,10/13/1996,Control
9,DM,M,47,10/13/1996,Spectab exclosure
11,PF,F,6,10/13/1996,Control
6,OT,M,23,10/13/1996,Short-term Krat Exclosure
3,PP,F,17,10/13/1996,Long-term Krat Exclosure
14,OT,M,22,10/13/1996,Control
15,PP,M,15,10/13/1996,Long-term Krat Exclosure
13,PF,F,9,10/13/1996,Short-term Krat Exclosure
4,OT,F,24,10/13/1996,Control
9,DM,F,36,10/13/1996,Spectab exclosure
14,DM,F,43,10/13/1996,Control
13,PF,M,7,10/13/1996,Short-term Krat Exclosure
23,PM,M,23,11/16/1996,Rodent Exclosure
17,PF,F,7,11/16/1996,Control
12,DM,M,48,11/16/1996,Control
17,DM,M,42,11/16/1996,Control
1,DM,M,40,11/16/1996,Spectab exclosure
2,DM,M,42,11/16/1996,Control
2,DM,M,41,11/16/1996,Control
12,DM,M,36,11/16/1996,Control
22,OT,F,25,11/16/1996,Control
17,DM,M,47,11/16/1996,Control
22,DM,M,40,11/16/1996,Control
22,OT,M,21,11/16/1996,Control
1,DO,F,49,11/16/1996,Spectab exclosure
20,PF,M,7,11/16/1996,Short-term Krat Exclosure
17,DM,M,51,11/16/1996,Control
12,DM,F,47,11/16/1996,Control
1,OT,M,23,11/16/1996,Spectab exclosure
17,OT,M,20,11/16/1996,Control
2,PB,M,27,11/16/1996,Control
7,PM,F,21,11/16/1996,Rodent Exclosure
3,PE,M,23,11/17/1996,Long-term Krat Exclosure
14,DM,M,47,11/17/1996,Control
9,DM,M,49,11/17/1996,Spectab exclosure
6,PF,F,8,11/17/1996,Short-term Krat Exclosure
9,DM,F,40,11/17/1996,Spectab exclosure
15,RM,F,12,11/17/1996,Long-term Krat Exclosure
4,PF,F,8,11/17/1996,Control
3,PP,F,15,11/17/1996,Long-term Krat Exclosure
3,PM,M,19,11/17/1996,Long-term Krat Exclosure
9,DM,M,40,11/17/1996,Spectab exclosure
3,DO,F,54,11/17/1996,Long-term Krat Exclosure
14,DM,F,36,11/17/1996,Control
9,DM,F,38,11/17/1996,Spectab exclosure
9,DO,M,46,11/17/1996,Spectab exclosure
8,PF,F,7,11/17/1996,Control
11,DM,M,39,11/17/1996,Control
14,DM,F,47,11/17/1996,Control
4,DM,M,46,11/17/1996,Control
13,DM,F,43,11/17/1996,Short-term Krat Exclosure
11,DM,F,43,11/17/1996,Control
3,OT,F,22,11/17/1996,Long-term Krat Exclosure
11,DM,M,44,11/17/1996,Control
13,PF,F,8,11/17/1996,Short-term Krat Exclosure
16,RM,F,16,11/17/1996,Rodent Exclosure
1,DO,M,36,12/18/1996,Spectab exclosure
22,DM,F,38,12/18/1996,Control
12,DM,F,47,12/18/1996,Control
12,OT,F,20,12/18/1996,Control
19,PF,M,8,12/18/1996,Long-term Krat Exclosure
2,OT,F,27,12/18/1996,Control
22,DM,F,47,12/18/1996,Control
24,RM,F,11,12/18/1996,Rodent Exclosure
18,PF,M,8,12/18/1996,Short-term Krat Exclosure
24,PM,F,24,12/18/1996,Rodent Exclosure
19,PF,F,7,12/18/1996,Long-term Krat Exclosure
17,DM,F,35,12/18/1996,Control
22,PF,M,7,12/18/1996,Control
20,PF,M,7,12/18/1996,Short-term Krat Exclosure
12,OT,F,27,12/18/1996,Control
12,DM,F,40,12/18/1996,Control
2,RM,M,11,12/18/1996,Control
18,RM,F,14,12/18/1996,Short-term Krat Exclosure
2,PB,F,26,12/18/1996,Control
2,RM,F,9,12/18/1996,Control
2,PB,M,44,12/18/1996,Control
22,PB,M,45,12/18/1996,Control
1,DO,M,50,12/18/1996,Spectab exclosure
12,DM,F,40,12/18/1996,Control
1,DO,M,54,12/18/1996,Spectab exclosure
1,DM,F,41,12/18/1996,Spectab exclosure
12,DM,M,37,12/18/1996,Control
14,DM,M,36,12/19/1996,Control
9,DM,M,51,12/19/1996,Spectab exclosure
13,OT,F,25,12/19/1996,Short-term Krat Exclosure
14,DM,M,50,12/19/1996,Control
11,DO,M,53,12/19/1996,Control
8,DM,M,40,12/19/1996,Control
4,DM,M,40,12/19/1996,Control
4,PF,F,7,12/19/1996,Control
6,OT,F,23,12/19/1996,Short-term Krat Exclosure
16,DM,F,39,12/19/1996,Rodent Exclosure
13,PM,F,23,12/19/1996,Short-term Krat Exclosure
5,PM,M,23,12/19/1996,Rodent Exclosure
4,DM,M,51,12/19/1996,Control
11,DM,F,39,12/19/1996,Control
1,DO,M,58,1/12/2002,Spectab exclosure
2,OT,M,24,1/12/2002,Control
2,DO,M,51,1/12/2002,Control
2,PE,F,23,1/12/2002,Control
2,OT,F,18,1/12/2002,Control
2,PB,M,47,1/12/2002,Control
12,DO,F,47,1/12/2002,Control
12,DO,M,55,1/12/2002,Control
12,DM,F,45,1/12/2002,Control
19,PP,F,13,1/12/2002,Long-term Krat Exclosure
19,OT,F,24,1/12/2002,Long-term Krat Exclosure
19,PB,M,28,1/12/2002,Long-term Krat Exclosure
18,PB,F,28,1/12/2002,Short-term Krat Exclosure
18,PB,M,32,1/12/2002,Short-term Krat Exclosure
18,PB,M,44,1/12/2002,Short-term Krat Exclosure
18,PB,F,26,1/12/2002,Short-term Krat Exclosure
18,PB,F,26,1/12/2002,Short-term Krat Exclosure
17,PB,F,31,1/12/2002,Control
21,PB,M,32,1/12/2002,Long-term Krat Exclosure
21,PB,F,29,1/12/2002,Long-term Krat Exclosure
1,DO,F,35,2/9/2002,Spectab exclosure
1,DO,M,40,2/9/2002,Spectab exclosure
2,DO,M,52,2/9/2002,Control
2,DM,F,46,2/9/2002,Control
2,PE,M,25,2/9/2002,Control
2,PP,M,17,2/9/2002,Control
2,NL,M,120,2/9/2002,Control
3,OT,F,24,2/9/2002,Long-term Krat Exclosure
3,DO,F,51,2/9/2002,Long-term Krat Exclosure
3,DO,M,49,2/9/2002,Long-term Krat Exclosure
3,OT,M,30,2/9/2002,Long-term Krat Exclosure
3,PM,M,19,2/9/2002,Long-term Krat Exclosure
12,DM,F,46,2/9/2002,Control
17,DM,F,46,2/9/2002,Control
17,NL,F,154,2/9/2002,Control
18,RM,F,12,2/9/2002,Short-term Krat Exclosure
18,PB,F,32,2/9/2002,Short-term Krat Exclosure
19,PB,F,30,2/9/2002,Long-term Krat Exclosure
19,PB,F,27,2/9/2002,Long-term Krat Exclosure
22,PB,F,30,2/9/2002,Control
21,PB,F,30,2/9/2002,Long-term Krat Exclosure
20,PB,F,33,2/9/2002,Short-term Krat Exclosure
20,PB,M,41,2/9/2002,Short-term Krat Exclosure
20,OT,F,24,2/9/2002,Short-term Krat Exclosure
4,DM,F,51,2/10/2002,Control
4,PB,F,25,2/10/2002,Control
6,PB,F,28,2/10/2002,Short-term Krat Exclosure
6,PB,F,26,2/10/2002,Short-term Krat Exclosure
6,PB,M,35,2/10/2002,Short-term Krat Exclosure
6,DO,F,53,2/10/2002,Short-term Krat Exclosure
6,PB,M,35,2/10/2002,Short-term Krat Exclosure
11,DO,F,46,2/10/2002,Control
11,DO,M,55,2/10/2002,Control
8,DO,M,52,2/10/2002,Control
8,DO,F,60,2/10/2002,Control
8,DM,F,41,2/10/2002,Control
8,PB,F,25,2/10/2002,Control
13,PF,F,7,2/10/2002,Short-term Krat Exclosure
13,PB,M,37,2/10/2002,Short-term Krat Exclosure
13,PB,M,49,2/10/2002,Short-term Krat Exclosure
14,DM,F,46,2/10/2002,Control
14,NL,M,222,2/10/2002,Control
15,RM,F,7,2/10/2002,Long-term Krat Exclosure
15,RM,F,10,2/10/2002,Long-term Krat Exclosure
7,DO,F,55,2/10/2002,Rodent Exclosure
7,DO,F,47,2/10/2002,Rodent Exclosure
7,DO,F,54,2/10/2002,Rodent Exclosure
1,DO,F,46,3/13/2002,Spectab exclosure
1,DO,M,63,3/13/2002,Spectab exclosure
2,DM,M,55,3/13/2002,Control
2,NL,F,196,3/13/2002,Control
12,PP,M,23,3/13/2002,Control
19,PB,M,45,3/13/2002,Long-term Krat Exclosure
19,PP,M,19,3/13/2002,Long-term Krat Exclosure
19,PB,F,28,3/13/2002,Long-term Krat Exclosure
18,PB,F,36,3/13/2002,Short-term Krat Exclosure
18,RM,M,11,3/13/2002,Short-term Krat Exclosure
18,OT,F,24,3/13/2002,Short-term Krat Exclosure
17,DM,M,50,3/13/2002,Control
17,OT,M,32,3/13/2002,Control
17,DM,F,45,3/13/2002,Control
17,DM,M,46,3/13/2002,Control
17,OT,F,26,3/13/2002,Control
22,PB,F,32,3/13/2002,Control
22,PB,F,25,3/13/2002,Control
21,PB,M,34,3/13/2002,Long-term Krat Exclosure
21,PB,F,30,3/13/2002,Long-term Krat Exclosure
20,PB,M,41,3/13/2002,Short-term Krat Exclosure
20,PB,F,34,3/13/2002,Short-term Krat Exclosure
3,PB,F,32,3/14/2002,Long-term Krat Exclosure
3,DO,M,56,3/14/2002,Long-term Krat Exclosure
3,DO,M,53,3/14/2002,Long-term Krat Exclosure
3,PB,M,40,3/14/2002,Long-term Krat Exclosure
3,PB,F,39,3/14/2002,Long-term Krat Exclosure
4,DO,M,30,3/14/2002,Control
4,PF,F,8,3/14/2002,Control
4,DM,F,50,3/14/2002,Control
4,PB,F,26,3/14/2002,Control
4,DO,M,54,3/14/2002,Control
4,DM,F,52,3/14/2002,Control
6,PB,M,33,3/14/2002,Short-term Krat Exclosure
6,PB,F,25,3/14/2002,Short-term Krat Exclosure
6,PB,M,34,3/14/2002,Short-term Krat Exclosure
6,DO,F,53,3/14/2002,Short-term Krat Exclosure
6,PB,F,32,3/14/2002,Short-term Krat Exclosure
6,DO,M,59,3/14/2002,Short-term Krat Exclosure
11,DM,M,49,3/14/2002,Control
11,DM,M,47,3/14/2002,Control
11,PP,F,18,3/14/2002,Control
11,DM,M,59,3/14/2002,Control
11,PB,F,30,3/14/2002,Control
11,DO,F,54,3/14/2002,Control
9,OT,M,30,3/14/2002,Spectab exclosure
8,DO,F,58,3/14/2002,Control
8,PP,M,18,3/14/2002,Control
14,PP,M,19,3/14/2002,Control
15,PP,F,15,3/14/2002,Long-term Krat Exclosure
15,RM,F,7,3/14/2002,Long-term Krat Exclosure
1,DO,M,51,4/16/2002,Spectab exclosure
1,PP,F,18,4/16/2002,Spectab exclosure
1,NL,M,227,4/16/2002,Spectab exclosure
1,PP,F,17,4/16/2002,Spectab exclosure
1,DO,M,58,4/16/2002,Spectab exclosure
1,PB,M,40,4/16/2002,Spectab exclosure
1,PP,M,17,4/16/2002,Spectab exclosure
1,PP,F,15,4/16/2002,Spectab exclosure
6,OT,F,26,4/16/2002,Short-term Krat Exclosure
6,PB,M,34,4/16/2002,Short-term Krat Exclosure
6,DO,M,35,4/16/2002,Short-term Krat Exclosure
6,PB,F,43,4/16/2002,Short-term Krat Exclosure
6,PB,F,36,4/16/2002,Short-term Krat Exclosure
12,DM,M,45,4/16/2002,Control
12,DO,M,48,4/16/2002,Control
12,DM,F,46,4/16/2002,Control
11,PB,F,31,4/16/2002,Control
11,DM,F,43,4/16/2002,Control
11,DM,M,57,4/16/2002,Control
11,PP,F,20,4/16/2002,Control
8,DO,M,62,4/16/2002,Control
8,PP,F,18,4/16/2002,Control
8,PB,F,35,4/16/2002,Control
13,PB,M,17,4/16/2002,Short-term Krat Exclosure
13,PB,M,38,4/16/2002,Short-term Krat Exclosure
18,PB,M,36,4/16/2002,Short-term Krat Exclosure
18,OT,F,26,4/16/2002,Short-term Krat Exclosure
19,PP,M,17,4/16/2002,Long-term Krat Exclosure
19,PP,M,15,4/16/2002,Long-term Krat Exclosure
22,PB,F,35,4/16/2002,Control
2,PB,F,34,4/17/2002,Control
2,DO,F,38,4/17/2002,Control
2,OT,F,25,4/17/2002,Control
2,DM,F,51,4/17/2002,Control
2,NL,F,149,4/17/2002,Control
3,DM,M,50,4/17/2002,Long-term Krat Exclosure
3,DM,F,43,4/17/2002,Long-term Krat Exclosure
3,PP,M,21,4/17/2002,Long-term Krat Exclosure
3,DO,M,47,4/17/2002,Long-term Krat Exclosure
3,PB,M,51,4/17/2002,Long-term Krat Exclosure
3,PB,F,38,4/17/2002,Long-term Krat Exclosure
3,DO,F,56,4/17/2002,Long-term Krat Exclosure
3,PB,F,32,4/17/2002,Long-term Krat Exclosure
3,OT,M,31,4/17/2002,Long-term Krat Exclosure
4,DM,F,47,4/17/2002,Control
4,PB,M,48,4/17/2002,Control
9,DM,F,50,4/17/2002,Spectab exclosure
9,PP,M,24,4/17/2002,Spectab exclosure
9,PP,F,16,4/17/2002,Spectab exclosure
9,PP,M,19,4/17/2002,Spectab exclosure
9,DM,M,56,4/17/2002,Spectab exclosure
14,DM,F,43,4/17/2002,Control
14,OT,M,24,4/17/2002,Control
14,DM,M,49,4/17/2002,Control
14,DM,M,43,4/17/2002,Control
14,DM,M,27,4/17/2002,Control
15,SH,M,51,4/17/2002,Long-term Krat Exclosure
15,PP,F,17,4/17/2002,Long-term Krat Exclosure
15,PB,F,19,4/17/2002,Long-term Krat Exclosure
20,PB,F,35,4/17/2002,Short-term Krat Exclosure
17,DM,M,50,4/17/2002,Control
17,PB,F,47,4/17/2002,Control
17,PP,M,20,4/17/2002,Control
1,PB,M,23,5/15/2002,Spectab exclosure
1,PP,F,17,5/15/2002,Spectab exclosure
1,PB,M,43,5/15/2002,Spectab exclosure
1,DO,M,52,5/15/2002,Spectab exclosure
1,NL,F,138,5/15/2002,Spectab exclosure
2,PE,F,16,5/15/2002,Control
2,PB,F,19,5/15/2002,Control
2,PB,F,41,5/15/2002,Control
2,PP,M,22,5/15/2002,Control
2,PP,F,20,5/15/2002,Control
2,DO,M,52,5/15/2002,Control
2,PE,M,21,5/15/2002,Control
12,PP,F,20,5/15/2002,Control
12,PP,M,17,5/15/2002,Control
12,DO,F,63,5/15/2002,Control
12,PP,M,19,5/15/2002,Control
12,PP,M,18,5/15/2002,Control
19,PB,F,34,5/15/2002,Long-term Krat Exclosure
19,PP,F,13,5/15/2002,Long-term Krat Exclosure
19,PP,M,17,5/15/2002,Long-term Krat Exclosure
19,PP,F,18,5/15/2002,Long-term Krat Exclosure
18,PB,F,20,5/15/2002,Short-term Krat Exclosure
18,PB,M,33,5/15/2002,Short-term Krat Exclosure
18,PB,F,30,5/15/2002,Short-term Krat Exclosure
18,PB,F,16,5/15/2002,Short-term Krat Exclosure
17,DM,M,41,5/15/2002,Control
17,DM,F,47,5/15/2002,Control
20,RM,M,10,5/15/2002,Short-term Krat Exclosure
20,OT,F,26,5/15/2002,Short-term Krat Exclosure
20,PB,M,41,5/15/2002,Short-term Krat Exclosure
20,NL,F,171,5/15/2002,Short-term Krat Exclosure
21,PB,F,13,5/15/2002,Long-term Krat Exclosure
21,PB,F,31,5/15/2002,Long-term Krat Exclosure
21,PB,F,15,5/15/2002,Long-term Krat Exclosure
22,PB,F,30,5/15/2002,Control
22,DM,M,26,5/15/2002,Control
22,DM,M,49,5/15/2002,Control
22,PB,M,32,5/15/2002,Control
24,PE,F,24,5/15/2002,Rodent Exclosure
7,PP,F,16,5/15/2002,Rodent Exclosure
7,PP,F,19,5/15/2002,Rodent Exclosure
3,PB,F,17,5/16/2002,Long-term Krat Exclosure
3,PB,M,48,5/16/2002,Long-term Krat Exclosure
3,PF,F,9,5/16/2002,Long-term Krat Exclosure
3,PP,M,20,5/16/2002,Long-term Krat Exclosure
3,DO,M,52,5/16/2002,Long-term Krat Exclosure
4,DM,F,46,5/16/2002,Control
4,DO,M,50,5/16/2002,Control
6,PB,F,32,5/16/2002,Short-term Krat Exclosure
6,DO,M,44,5/16/2002,Short-term Krat Exclosure
6,PB,F,17,5/16/2002,Short-term Krat Exclosure
6,PB,M,19,5/16/2002,Short-term Krat Exclosure
11,PE,F,27,5/16/2002,Control
11,PP,F,20,5/16/2002,Control
11,DO,F,37,5/16/2002,Control
9,DM,M,45,5/16/2002,Spectab exclosure
9,DM,F,45,5/16/2002,Spectab exclosure
9,DM,F,25,5/16/2002,Spectab exclosure
8,PP,M,21,5/16/2002,Control
8,DM,M,42,5/16/2002,Control
8,DO,M,49,5/16/2002,Control
8,OT,M,11,5/16/2002,Control
8,PP,F,13,5/16/2002,Control
8,PB,F,46,5/16/2002,Control
8,DO,M,57,5/16/2002,Control
13,OT,F,23,5/16/2002,Short-term Krat Exclosure
13,PB,F,26,5/16/2002,Short-term Krat Exclosure
13,PB,F,42,5/16/2002,Short-term Krat Exclosure
14,DM,M,48,5/16/2002,Control
14,DM,M,42,5/16/2002,Control
14,DM,F,37,5/16/2002,Control
14,DM,M,47,5/16/2002,Control
14,DM,M,48,5/16/2002,Control
15,PB,M,24,5/16/2002,Long-term Krat Exclosure
15,PB,F,33,5/16/2002,Long-term Krat Exclosure
15,PP,F,20,5/16/2002,Long-term Krat Exclosure
15,PP,M,18,5/16/2002,Long-term Krat Exclosure
15,PP,F,20,5/16/2002,Long-term Krat Exclosure
15,PB,F,23,5/16/2002,Long-term Krat Exclosure
16,PB,M,35,5/16/2002,Rodent Exclosure
16,PE,M,13,5/16/2002,Rodent Exclosure
1,DO,F,39,6/15/2002,Spectab exclosure
1,PB,F,29,6/15/2002,Spectab exclosure
1,PP,F,11,6/15/2002,Spectab exclosure
1,PP,M,21,6/15/2002,Spectab exclosure
2,NL,F,139,6/15/2002,Control
12,DO,M,52,6/15/2002,Control
12,PE,F,23,6/15/2002,Control
12,PP,F,18,6/15/2002,Control
19,PP,F,18,6/15/2002,Long-term Krat Exclosure
19,PB,F,31,6/15/2002,Long-term Krat Exclosure
19,PP,F,18,6/15/2002,Long-term Krat Exclosure
19,PB,F,23,6/15/2002,Long-term Krat Exclosure
22,PB,M,39,6/15/2002,Control
22,PB,M,23,6/15/2002,Control
18,PB,F,34,6/15/2002,Short-term Krat Exclosure
18,PB,F,25,6/15/2002,Short-term Krat Exclosure
18,PB,F,23,6/15/2002,Short-term Krat Exclosure
18,PB,M,18,6/15/2002,Short-term Krat Exclosure
17,DM,M,50,6/15/2002,Control
17,PB,F,38,6/15/2002,Control
17,PB,M,28,6/15/2002,Control
17,DM,F,50,6/15/2002,Control
17,PB,F,20,6/15/2002,Control
21,PB,M,40,6/15/2002,Long-term Krat Exclosure
21,PB,F,31,6/15/2002,Long-term Krat Exclosure
20,PB,F,33,6/15/2002,Short-term Krat Exclosure
20,PB,F,29,6/15/2002,Short-term Krat Exclosure
3,DM,F,44,6/16/2002,Long-term Krat Exclosure
3,PP,F,11,6/16/2002,Long-term Krat Exclosure
3,DM,M,53,6/16/2002,Long-term Krat Exclosure
4,PP,F,20,6/16/2002,Control
4,PB,M,28,6/16/2002,Control
4,DO,M,50,6/16/2002,Control
4,PB,F,27,6/16/2002,Control
4,PE,F,22,6/16/2002,Control
6,PP,F,17,6/16/2002,Short-term Krat Exclosure
6,DO,M,43,6/16/2002,Short-term Krat Exclosure
6,PP,M,18,6/16/2002,Short-term Krat Exclosure
6,PB,M,22,6/16/2002,Short-term Krat Exclosure
6,PB,F,29,6/16/2002,Short-term Krat Exclosure
11,DO,M,49,6/16/2002,Control
9,DM,M,48,6/16/2002,Spectab exclosure
9,PP,M,10,6/16/2002,Spectab exclosure
9,DM,M,22,6/16/2002,Spectab exclosure
8,DO,F,48,6/16/2002,Control
8,PP,M,9,6/16/2002,Control
8,PB,F,21,6/16/2002,Control
8,DO,M,55,6/16/2002,Control
8,PB,M,18,6/16/2002,Control
8,PP,M,11,6/16/2002,Control
8,PP,M,21,6/16/2002,Control
8,PP,F,18,6/16/2002,Control
13,PB,M,26,6/16/2002,Short-term Krat Exclosure
13,PB,M,41,6/16/2002,Short-term Krat Exclosure
13,DO,F,41,6/16/2002,Short-term Krat Exclosure
13,PB,F,37,6/16/2002,Short-term Krat Exclosure
14,DM,F,46,6/16/2002,Control
14,DM,M,38,6/16/2002,Control
14,OT,M,23,6/16/2002,Control
14,NL,M,203,6/16/2002,Control
15,PB,F,37,6/16/2002,Long-term Krat Exclosure
15,PP,M,10,6/16/2002,Long-term Krat Exclosure
15,PB,M,26,6/16/2002,Long-term Krat Exclosure
15,PP,F,19,6/16/2002,Long-term Krat Exclosure
15,PB,F,29,6/16/2002,Long-term Krat Exclosure
15,PP,M,18,6/16/2002,Long-term Krat Exclosure
16,PF,F,5,6/16/2002,Rodent Exclosure
16,PB,M,24,6/16/2002,Rodent Exclosure
16,OT,F,24,6/16/2002,Rodent Exclosure
16,PB,M,23,6/16/2002,Rodent Exclosure
16,PB,F,27,6/16/2002,Rodent Exclosure
1,DO,F,40,7/13/2002,Spectab exclosure
1,PP,F,18,7/13/2002,Spectab exclosure
1,PP,F,15,7/13/2002,Spectab exclosure
2,PB,F,26,7/13/2002,Control
2,DM,F,46,7/13/2002,Control
2,PP,F,13,7/13/2002,Control
2,PP,F,13,7/13/2002,Control
12,PP,F,21,7/13/2002,Control
12,PE,M,23,7/13/2002,Control
19,PB,M,24,7/13/2002,Long-term Krat Exclosure
19,PB,F,30,7/13/2002,Long-term Krat Exclosure
18,PB,F,27,7/13/2002,Short-term Krat Exclosure
18,PB,F,24,7/13/2002,Short-term Krat Exclosure
18,PB,F,25,7/13/2002,Short-term Krat Exclosure
18,PB,F,31,7/13/2002,Short-term Krat Exclosure
17,OT,M,27,7/13/2002,Control
17,PB,M,28,7/13/2002,Control
17,DM,M,54,7/13/2002,Control
17,PP,F,11,7/13/2002,Control
17,PP,M,16,7/13/2002,Control
17,PB,M,33,7/13/2002,Control
20,PP,F,15,7/13/2002,Short-term Krat Exclosure
20,PB,M,40,7/13/2002,Short-term Krat Exclosure
21,PB,M,24,7/13/2002,Long-term Krat Exclosure
21,PB,F,30,7/13/2002,Long-term Krat Exclosure
22,PB,F,26,7/13/2002,Control
22,PB,F,30,7/13/2002,Control
22,PB,M,29,7/13/2002,Control
23,PE,F,23,7/13/2002,Rodent Exclosure
7,PP,M,15,7/13/2002,Rodent Exclosure
7,PB,M,16,7/13/2002,Rodent Exclosure
24,RM,M,7,7/13/2002,Rodent Exclosure
3,PB,F,34,7/14/2002,Long-term Krat Exclosure
3,PB,M,42,7/14/2002,Long-term Krat Exclosure
3,PP,M,13,7/14/2002,Long-term Krat Exclosure
3,PP,F,16,7/14/2002,Long-term Krat Exclosure
4,PB,M,25,7/14/2002,Control
4,PP,F,15,7/14/2002,Control
4,PP,F,17,7/14/2002,Control
4,PF,F,7,7/14/2002,Control
4,PB,F,26,7/14/2002,Control
6,PP,F,12,7/14/2002,Short-term Krat Exclosure
6,PB,M,26,7/14/2002,Short-term Krat Exclosure
6,PB,M,42,7/14/2002,Short-term Krat Exclosure
6,PP,M,19,7/14/2002,Short-term Krat Exclosure
6,PB,F,38,7/14/2002,Short-term Krat Exclosure
6,PB,F,26,7/14/2002,Short-term Krat Exclosure
6,DO,M,39,7/14/2002,Short-term Krat Exclosure
6,PB,F,29,7/14/2002,Short-term Krat Exclosure
6,PB,F,34,7/14/2002,Short-term Krat Exclosure
11,PP,M,18,7/14/2002,Control
11,PP,M,13,7/14/2002,Control
9,PP,F,17,7/14/2002,Spectab exclosure
9,DO,F,47,7/14/2002,Spectab exclosure
9,DM,M,46,7/14/2002,Spectab exclosure
9,PP,F,13,7/14/2002,Spectab exclosure
9,DM,M,35,7/14/2002,Spectab exclosure
8,DO,M,52,7/14/2002,Control
8,OT,M,19,7/14/2002,Control
8,DO,M,53,7/14/2002,Control
8,PP,F,12,7/14/2002,Control
13,OT,F,21,7/14/2002,Short-term Krat Exclosure
13,PB,M,29,7/14/2002,Short-term Krat Exclosure
13,PB,M,41,7/14/2002,Short-term Krat Exclosure
13,PP,F,11,7/14/2002,Short-term Krat Exclosure
13,PP,M,13,7/14/2002,Short-term Krat Exclosure
13,PB,M,31,7/14/2002,Short-term Krat Exclosure
13,PB,F,25,7/14/2002,Short-term Krat Exclosure
14,DM,F,40,7/14/2002,Control
14,PP,M,13,7/14/2002,Control
14,PP,M,14,7/14/2002,Control
15,PB,F,25,7/14/2002,Long-term Krat Exclosure
15,PP,F,17,7/14/2002,Long-term Krat Exclosure
15,DM,F,42,7/14/2002,Long-term Krat Exclosure
15,PP,F,18,7/14/2002,Long-term Krat Exclosure
15,PB,M,29,7/14/2002,Long-term Krat Exclosure
15,PB,M,29,7/14/2002,Long-term Krat Exclosure
15,SH,M,57,7/14/2002,Long-term Krat Exclosure
15,PB,F,23,7/14/2002,Long-term Krat Exclosure
16,OT,F,39,7/14/2002,Rodent Exclosure
16,RM,M,7,7/14/2002,Rodent Exclosure
16,DM,F,45,7/14/2002,Rodent Exclosure
12,DO,F,57,9/8/2002,Control
19,PB,M,33,9/8/2002,Long-term Krat Exclosure
18,PB,F,29,9/8/2002,Short-term Krat Exclosure
17,PB,F,30,9/8/2002,Control
17,DM,F,50,9/8/2002,Control
17,PB,F,31,9/8/2002,Control
17,DM,M,47,9/8/2002,Control
17,NL,M,162,9/8/2002,Control
20,PB,F,48,9/8/2002,Short-term Krat Exclosure
21,PB,M,36,9/8/2002,Long-term Krat Exclosure
22,PB,M,30,9/8/2002,Control
22,PB,F,33,9/8/2002,Control
22,PP,M,21,9/8/2002,Control
24,PP,M,18,9/8/2002,Rodent Exclosure
15,PB,M,32,9/10/2002,Long-term Krat Exclosure
14,DM,M,55,9/10/2002,Control
14,DM,M,52,9/10/2002,Control
13,OT,M,26,9/10/2002,Short-term Krat Exclosure
13,PB,M,33,9/10/2002,Short-term Krat Exclosure
9,PP,F,15,9/10/2002,Spectab exclosure
8,OT,M,11,9/10/2002,Control
3,PB,F,46,9/10/2002,Long-term Krat Exclosure
3,PP,M,13,9/10/2002,Long-term Krat Exclosure
3,PP,F,18,9/10/2002,Long-term Krat Exclosure
4,PP,M,15,9/10/2002,Control
4,DO,M,53,9/10/2002,Control
6,PP,F,17,9/10/2002,Short-term Krat Exclosure
6,PB,F,36,9/10/2002,Short-term Krat Exclosure
6,PP,F,20,9/10/2002,Short-term Krat Exclosure
6,PB,F,36,9/10/2002,Short-term Krat Exclosure
16,PP,M,19,9/10/2002,Rodent Exclosure
16,OT,M,15,9/10/2002,Rodent Exclosure
16,PB,M,36,9/10/2002,Rodent Exclosure
16,OT,F,25,9/10/2002,Rodent Exclosure
1,PP,F,18,10/5/2002,Spectab exclosure
1,PP,F,15,10/5/2002,Spectab exclosure
1,PP,F,16,10/5/2002,Spectab exclosure
1,PB,F,28,10/5/2002,Spectab exclosure
2,OL,M,27,10/5/2002,Control
2,PB,M,40,10/5/2002,Control
17,PB,M,32,10/5/2002,Control
17,DM,F,50,10/5/2002,Control
17,PP,M,16,10/5/2002,Control
17,PP,F,15,10/5/2002,Control
18,PB,M,55,10/5/2002,Short-term Krat Exclosure
18,PB,F,34,10/5/2002,Short-term Krat Exclosure
18,PB,F,29,10/5/2002,Short-term Krat Exclosure
18,PB,F,29,10/5/2002,Short-term Krat Exclosure
18,PB,F,31,10/5/2002,Short-term Krat Exclosure
18,PB,F,30,10/5/2002,Short-term Krat Exclosure
18,PB,F,32,10/5/2002,Short-term Krat Exclosure
19,PB,F,35,10/5/2002,Long-term Krat Exclosure
12,PP,F,13,10/5/2002,Control
12,PB,F,26,10/5/2002,Control
12,DO,F,57,10/5/2002,Control
12,PP,M,15,10/5/2002,Control
12,DM,F,50,10/5/2002,Control
22,PB,F,36,10/5/2002,Control
22,PB,F,30,10/5/2002,Control
22,PB,F,30,10/5/2002,Control
20,PB,F,30,10/5/2002,Short-term Krat Exclosure
20,PB,F,31,10/5/2002,Short-term Krat Exclosure
20,PB,M,48,10/5/2002,Short-term Krat Exclosure
20,NL,F,190,10/5/2002,Short-term Krat Exclosure
3,PB,F,15,10/6/2002,Long-term Krat Exclosure
3,PB,M,44,10/6/2002,Long-term Krat Exclosure
3,PB,F,17,10/6/2002,Long-term Krat Exclosure
4,PB,F,28,10/6/2002,Control
4,PF,F,10,10/6/2002,Control
4,PB,M,43,10/6/2002,Control
4,PB,F,25,10/6/2002,Control
6,PP,M,17,10/6/2002,Short-term Krat Exclosure
6,PB,M,39,10/6/2002,Short-term Krat Exclosure
6,PB,F,26,10/6/2002,Short-term Krat Exclosure
6,PB,F,29,10/6/2002,Short-term Krat Exclosure
6,PB,M,41,10/6/2002,Short-term Krat Exclosure
6,PB,F,30,10/6/2002,Short-term Krat Exclosure
11,PP,F,19,10/6/2002,Control
11,OT,F,33,10/6/2002,Control
11,PP,F,16,10/6/2002,Control
9,PP,F,17,10/6/2002,Spectab exclosure
8,OT,F,23,10/6/2002,Control
8,DO,F,56,10/6/2002,Control
8,PP,M,16,10/6/2002,Control
15,PB,F,32,10/6/2002,Long-term Krat Exclosure
15,PP,F,16,10/6/2002,Long-term Krat Exclosure
15,PB,F,27,10/6/2002,Long-term Krat Exclosure
14,DM,M,52,10/6/2002,Control
14,DM,M,54,10/6/2002,Control
14,DM,M,52,10/6/2002,Control
14,PP,M,17,10/6/2002,Control
14,DM,F,43,10/6/2002,Control
13,DO,M,60,10/6/2002,Short-term Krat Exclosure
16,OT,M,22,10/6/2002,Rodent Exclosure
1,PP,F,18,11/9/2002,Spectab exclosure
2,DM,M,55,11/9/2002,Control
2,DM,M,45,11/9/2002,Control
17,OT,F,30,11/9/2002,Control
17,PB,F,38,11/9/2002,Control
17,DM,M,47,11/9/2002,Control
17,DM,M,44,11/9/2002,Control
17,PB,F,29,11/9/2002,Control
18,PB,F,29,11/9/2002,Short-term Krat Exclosure
18,PB,F,29,11/9/2002,Short-term Krat Exclosure
18,PB,F,30,11/9/2002,Short-term Krat Exclosure
19,PP,F,13,11/9/2002,Long-term Krat Exclosure
19,PP,M,15,11/9/2002,Long-term Krat Exclosure
19,PP,F,18,11/9/2002,Long-term Krat Exclosure
19,PB,F,24,11/9/2002,Long-term Krat Exclosure
12,DO,F,54,11/9/2002,Control
12,OT,M,24,11/9/2002,Control
12,PB,M,51,11/9/2002,Control
12,PB,F,31,11/9/2002,Control
22,PB,M,34,11/9/2002,Control
22,PB,F,26,11/9/2002,Control
21,PB,M,45,11/9/2002,Long-term Krat Exclosure
21,PB,F,30,11/9/2002,Long-term Krat Exclosure
21,PB,F,30,11/9/2002,Long-term Krat Exclosure
21,PB,M,45,11/9/2002,Long-term Krat Exclosure
20,PB,M,49,11/9/2002,Short-term Krat Exclosure
20,PB,F,25,11/9/2002,Short-term Krat Exclosure
20,PE,F,24,11/9/2002,Short-term Krat Exclosure
20,OT,M,13,11/9/2002,Short-term Krat Exclosure
24,RM,F,16,11/9/2002,Rodent Exclosure
7,PE,F,30,11/9/2002,Rodent Exclosure
6,DO,F,61,11/10/2002,Short-term Krat Exclosure
6,PB,F,25,11/10/2002,Short-term Krat Exclosure
6,OT,M,23,11/10/2002,Short-term Krat Exclosure
11,PP,M,15,11/10/2002,Control
11,PB,F,33,11/10/2002,Control
11,PP,M,17,11/10/2002,Control
3,PB,F,25,11/10/2002,Long-term Krat Exclosure
3,PB,M,49,11/10/2002,Long-term Krat Exclosure
3,PB,F,24,11/10/2002,Long-term Krat Exclosure
4,DO,M,41,11/10/2002,Control
4,PB,F,28,11/10/2002,Control
4,PB,M,46,11/10/2002,Control
4,PP,M,14,11/10/2002,Control
6,PB,F,30,11/10/2002,Short-term Krat Exclosure
6,PB,F,39,11/10/2002,Short-term Krat Exclosure
6,PB,M,46,11/10/2002,Short-term Krat Exclosure
6,PB,F,28,11/10/2002,Short-term Krat Exclosure
9,OT,M,22,11/10/2002,Spectab exclosure
9,OL,M,21,11/10/2002,Spectab exclosure
8,OT,F,25,11/10/2002,Control
8,PB,F,37,11/10/2002,Control
8,PB,F,24,11/10/2002,Control
8,PB,F,27,11/10/2002,Control
8,DO,M,63,11/10/2002,Control
8,PP,F,14,11/10/2002,Control
13,PB,F,35,11/10/2002,Short-term Krat Exclosure
13,PB,M,22,11/10/2002,Short-term Krat Exclosure
13,PB,M,44,11/10/2002,Short-term Krat Exclosure
13,PB,F,20,11/10/2002,Short-term Krat Exclosure
13,DO,F,65,11/10/2002,Short-term Krat Exclosure
13,OT,M,23,11/10/2002,Short-term Krat Exclosure
14,DM,F,44,11/10/2002,Control
15,PB,F,31,11/10/2002,Long-term Krat Exclosure
15,PB,F,22,11/10/2002,Long-term Krat Exclosure
15,PB,M,38,11/10/2002,Long-term Krat Exclosure
16,PB,F,29,11/10/2002,Rodent Exclosure
1,PB,M,14,12/7/2002,Spectab exclosure
1,NL,F,196,12/7/2002,Spectab exclosure
2,PP,M,14,12/7/2002,Control
2,PB,F,27,12/7/2002,Control
2,PB,F,28,12/7/2002,Control
2,PB,M,38,12/7/2002,Control
2,DM,M,48,12/7/2002,Control
2,NL,M,248,12/7/2002,Control
18,PB,F,28,12/7/2002,Short-term Krat Exclosure
18,PB,F,23,12/7/2002,Short-term Krat Exclosure
18,PB,F,28,12/7/2002,Short-term Krat Exclosure
18,PB,F,29,12/7/2002,Short-term Krat Exclosure
18,NL,F,154,12/7/2002,Short-term Krat Exclosure
19,PB,F,25,12/7/2002,Long-term Krat Exclosure
19,PP,F,13,12/7/2002,Long-term Krat Exclosure
12,PB,F,30,12/7/2002,Control
12,PP,M,14,12/7/2002,Control
22,PB,F,27,12/7/2002,Control
22,PB,M,35,12/7/2002,Control
21,PB,M,29,12/7/2002,Long-term Krat Exclosure
20,PB,F,34,12/7/2002,Short-term Krat Exclosure
20,PB,M,47,12/7/2002,Short-term Krat Exclosure
20,PB,F,24,12/7/2002,Short-term Krat Exclosure
20,PB,F,27,12/7/2002,Short-term Krat Exclosure
23,PP,M,15,12/7/2002,Rodent Exclosure
24,NL,M,225,12/7/2002,Rodent Exclosure
3,PB,F,38,12/8/2002,Long-term Krat Exclosure
3,PB,F,36,12/8/2002,Long-term Krat Exclosure
3,PB,M,49,12/8/2002,Long-term Krat Exclosure
3,PB,F,34,12/8/2002,Long-term Krat Exclosure
3,PB,M,46,12/8/2002,Long-term Krat Exclosure
4,PP,M,14,12/8/2002,Control
4,PB,F,24,12/8/2002,Control
4,PB,F,29,12/8/2002,Control
4,DO,M,54,12/8/2002,Control
4,OT,M,21,12/8/2002,Control
6,PF,F,6,12/8/2002,Short-term Krat Exclosure
6,PB,F,27,12/8/2002,Short-term Krat Exclosure
6,DO,F,50,12/8/2002,Short-term Krat Exclosure
6,PB,F,30,12/8/2002,Short-term Krat Exclosure
6,PB,F,27,12/8/2002,Short-term Krat Exclosure
6,PB,M,45,12/8/2002,Short-term Krat Exclosure
6,DO,M,49,12/8/2002,Short-term Krat Exclosure
6,PB,F,37,12/8/2002,Short-term Krat Exclosure
11,PP,M,18,12/8/2002,Control
11,PB,F,26,12/8/2002,Control
9,PB,F,30,12/8/2002,Spectab exclosure
9,OT,M,25,12/8/2002,Spectab exclosure
9,PB,M,24,12/8/2002,Spectab exclosure
8,PB,F,30,12/8/2002,Control
13,PB,M,33,12/8/2002,Short-term Krat Exclosure
14,DM,F,49,12/8/2002,Control
14,DM,F,41,12/8/2002,Control
15,PB,M,36,12/8/2002,Long-term Krat Exclosure
15,PB,F,31,12/8/2002,Long-term Krat Exclosure
15,PB,M,38,12/8/2002,Long-term Krat Exclosure
15,PB,F,29,12/8/2002,Long-term Krat Exclosure
5,PP,M,19,12/8/2002,Rodent Exclosure
1,DO,F,52,12/29/2002,Spectab exclosure
1,DO,F,40,12/29/2002,Spectab exclosure
1,PP,F,19,12/29/2002,Spectab exclosure
2,OT,M,23,12/29/2002,Control
2,PP,M,14,12/29/2002,Control
2,PB,F,26,12/29/2002,Control
2,PB,M,44,12/29/2002,Control
12,DO,F,49,12/29/2002,Control
19,PB,M,35,12/29/2002,Long-term Krat Exclosure
19,PB,F,33,12/29/2002,Long-term Krat Exclosure
19,PP,M,16,12/29/2002,Long-term Krat Exclosure
19,PE,M,22,12/29/2002,Long-term Krat Exclosure
18,PB,F,30,12/29/2002,Short-term Krat Exclosure
18,PB,F,29,12/29/2002,Short-term Krat Exclosure
18,PB,F,28,12/29/2002,Short-term Krat Exclosure
18,PB,F,27,12/29/2002,Short-term Krat Exclosure
18,NL,F,150,12/29/2002,Short-term Krat Exclosure
17,DM,M,47,12/29/2002,Control
17,DM,F,47,12/29/2002,Control
17,DM,M,39,12/29/2002,Control
17,PB,M,45,12/29/2002,Control
20,PB,M,42,12/29/2002,Short-term Krat Exclosure
20,PB,F,25,12/29/2002,Short-term Krat Exclosure
20,PB,M,47,12/29/2002,Short-term Krat Exclosure
20,NL,F,148,12/29/2002,Short-term Krat Exclosure
21,PB,M,42,12/29/2002,Long-term Krat Exclosure
21,PB,F,26,12/29/2002,Long-term Krat Exclosure
21,PB,M,31,12/29/2002,Long-term Krat Exclosure
21,PB,F,35,12/29/2002,Long-term Krat Exclosure
21,PB,F,27,12/29/2002,Long-term Krat Exclosure
21,PB,F,26,12/29/2002,Long-term Krat Exclosure
22,PB,M,46,12/29/2002,Control
22,PB,F,26,12/29/2002,Control
22,PB,M,39,12/29/2002,Control
24,NL,M,224,12/29/2002,Rodent Exclosure
16,PB,M,31,12/29/2002,Rodent Exclosure
23,PE,F,23,12/29/2002,Rodent Exclosure
23,PB,F,24,12/29/2002,Rodent Exclosure
4,DO,M,47,12/31/2002,Control
6,PB,F,27,12/31/2002,Short-term Krat Exclosure
6,PF,M,8,12/31/2002,Short-term Krat Exclosure
6,PB,F,35,12/31/2002,Short-term Krat Exclosure
11,PP,M,18,12/31/2002,Control
9,DM,F,44,12/31/2002,Spectab exclosure
9,PB,F,27,12/31/2002,Spectab exclosure
8,OT,F,24,12/31/2002,Control
14,DM,F,48,12/31/2002,Control
14,DM,M,56,12/31/2002,Control
14,DM,M,53,12/31/2002,Control
14,DM,F,42,12/31/2002,Control
14,DM,F,46,12/31/2002,Control
15,PB,F,31,12/31/2002,Long-term Krat Exclosure
15,PB,F,34,12/31/2002,Long-term Krat Exclosure
7,DO,M,51,12/31/2002,Rodent Exclosure
